<?xml version="1.0" encoding="UTF-8"?>
<root>
  <item name="com.mapbox.mapboxsdk.offline.OfflineManager.ResourceTransformCallback java.lang.String onURL(int, java.lang.String) 0">
    <annotation name="android.support.annotation.IntDef">
      <val name="value" val="{com.mapbox.mapboxsdk.storage.Resource.UNKNOWN, com.mapbox.mapboxsdk.storage.Resource.STYLE, com.mapbox.mapboxsdk.storage.Resource.SOURCE, com.mapbox.mapboxsdk.storage.Resource.TILE, com.mapbox.mapboxsdk.storage.Resource.GLYPHS, com.mapbox.mapboxsdk.storage.Resource.SPRITE_IMAGE, com.mapbox.mapboxsdk.storage.Resource.SPRITE_JSON}" />
    </annotation>
  </item>
  <item name="com.mapbox.mapboxsdk.offline.OfflineRegion void setDownloadState(int) 0">
    <annotation name="android.support.annotation.IntDef">
      <val name="value" val="{com.mapbox.mapboxsdk.offline.OfflineRegion.STATE_INACTIVE, com.mapbox.mapboxsdk.offline.OfflineRegion.STATE_ACTIVE}" />
    </annotation>
  </item>
  <item name="com.mapbox.mapboxsdk.offline.OfflineRegion void setOfflineRegionDownloadState(int) 0">
    <annotation name="android.support.annotation.IntDef">
      <val name="value" val="{com.mapbox.mapboxsdk.offline.OfflineRegion.STATE_INACTIVE, com.mapbox.mapboxsdk.offline.OfflineRegion.STATE_ACTIVE}" />
    </annotation>
  </item>
  <item name="com.mapbox.mapboxsdk.offline.OfflineRegion.DownloadState">
    <annotation name="android.support.annotation.IntDef">
      <val name="value" val="{com.mapbox.mapboxsdk.offline.OfflineRegion.STATE_INACTIVE, com.mapbox.mapboxsdk.offline.OfflineRegion.STATE_ACTIVE}" />
    </annotation>
  </item>
  <item name="com.mapbox.mapboxsdk.offline.OfflineRegionError java.lang.String getReason()">
    <annotation name="android.support.annotation.StringDef">
      <val name="value" val="{com.mapbox.mapboxsdk.offline.OfflineRegionError.REASON_SUCCESS, com.mapbox.mapboxsdk.offline.OfflineRegionError.REASON_NOT_FOUND, com.mapbox.mapboxsdk.offline.OfflineRegionError.REASON_SERVER, com.mapbox.mapboxsdk.offline.OfflineRegionError.REASON_CONNECTION, com.mapbox.mapboxsdk.offline.OfflineRegionError.REASON_OTHER}" />
    </annotation>
  </item>
  <item name="com.mapbox.mapboxsdk.offline.OfflineRegionError reason">
    <annotation name="android.support.annotation.StringDef">
      <val name="value" val="{com.mapbox.mapboxsdk.offline.OfflineRegionError.REASON_SUCCESS, com.mapbox.mapboxsdk.offline.OfflineRegionError.REASON_NOT_FOUND, com.mapbox.mapboxsdk.offline.OfflineRegionError.REASON_SERVER, com.mapbox.mapboxsdk.offline.OfflineRegionError.REASON_CONNECTION, com.mapbox.mapboxsdk.offline.OfflineRegionError.REASON_OTHER}" />
    </annotation>
  </item>
  <item name="com.mapbox.mapboxsdk.offline.OfflineRegionError.ErrorReason">
    <annotation name="android.support.annotation.StringDef">
      <val name="value" val="{com.mapbox.mapboxsdk.offline.OfflineRegionError.REASON_SUCCESS, com.mapbox.mapboxsdk.offline.OfflineRegionError.REASON_NOT_FOUND, com.mapbox.mapboxsdk.offline.OfflineRegionError.REASON_SERVER, com.mapbox.mapboxsdk.offline.OfflineRegionError.REASON_CONNECTION, com.mapbox.mapboxsdk.offline.OfflineRegionError.REASON_OTHER}" />
    </annotation>
  </item>
  <item name="com.mapbox.mapboxsdk.offline.OfflineRegionStatus downloadState">
    <annotation name="android.support.annotation.IntDef">
      <val name="value" val="{com.mapbox.mapboxsdk.offline.OfflineRegion.STATE_INACTIVE, com.mapbox.mapboxsdk.offline.OfflineRegion.STATE_ACTIVE}" />
    </annotation>
  </item>
  <item name="com.mapbox.mapboxsdk.offline.OfflineRegionStatus int getDownloadState()">
    <annotation name="android.support.annotation.IntDef">
      <val name="value" val="{com.mapbox.mapboxsdk.offline.OfflineRegion.STATE_INACTIVE, com.mapbox.mapboxsdk.offline.OfflineRegion.STATE_ACTIVE}" />
    </annotation>
  </item>
</root>

